size;nbIte;time;bandwith
16384;2000;20.157812;0.403142
65536;2000;89.377396;0.363692
262144;2000;373.651598;0.347980
1048576;2000;1501.661156;0.346346
4194304;2000;4306.997928;0.483022
